{
    "green": {
        "lower": [
            0,
            0,
            235.0
        ],
        "upper": [
            20.0,
            20.0,
            255
        ]
    },
    "yellow": {
        "lower": [
            29.1900826446281,
            63.00826446280992,
            147.41322314049586
        ],
        "upper": [
            69.19008264462809,
            103.00826446280992,
            187.41322314049586
        ]
    }
}